{
  "assum": {
    "years": [
      2025,
      2026,
      2027,
      2028,
      2029,
      2030
    ],
    "perProduct": {
      "Medicare Supplement": {
        "NIER": [
          0.04495,
          0.04495,
          0.04495,
          0.04495,
          0.04495,
          0.04495
        ],
        "Acquisition Expense": [
          198.90279753421862,
          198.90279753421862,
          241.02437347930146,
          284.978677047032,
          329.89758912607476,
          369.14508598244265
        ],
        "Maintenance Expense": [
          106.71807262929487,
          106.71807262929487,
          94.4462904456375,
          89.5401649953299,
          88.38416272205647,
          89.37658834976779
        ]
      },
      "Preneed": {
        "NIER": [
          0.0539,
          0.0539,
          0.0539,
          0.0539,
          0.0539,
          0.0539
        ],
        "NIER_EV": [
          0.043091976299686495,
          0.04370729724626241,
          0.04671302122676125,
          0.04917862762245742,
          0.053038906274348985,
          0.05399199005635042
        ],
        "Acquisition Expense": [
          286.58994271377287,
          286.58994271377287,
          269.8827405119696,
          253.50558214881113,
          245.39494032175298,
          232.8375793977538
        ],
        "Maintenance Expense": [
          36.95678116487611,
          36.95678116487611,
          38.03535626525496,
          38.1723716597243,
          38.04212132600814,
          37.6917276163482
        ]
      },
      "Hospital Indemnity": {
        "NIER": [
          0.04495,
          0.04495,
          0.04495,
          0.04495,
          0.04495,
          0.04495
        ],
        "Acquisition Expense": [
          177.23677577230674,
          177.23677577230674,
          167.66617287620795,
          160.54055392064006,
          158.48992395784614,
          153.36950054880887
        ],
        "Maintenance Expense": [
          94.95826576402993,
          94.95826576402993,
          86.75174948535799,
          79.47407706448065,
          73.72379850703088,
          69.02094618904458
        ]
      }
    },
    "inflation": 0.03,
    "inflStart": 2031,
    "tax": 0.21,
    "disc": 0.08
  },
  "scalars": {
    "years": [
      2026,
      2027,
      2028,
      2029,
      2030,
      2031,
      2032,
      2033,
      2034,
      2035
    ],
    "origSales": {
      "Medicare Supplement": [
        212.92,
        200,
        200,
        200,
        200,
        200,
        200,
        200,
        200,
        200
      ],
      "Preneed": [
        229.99999999999994,
        252.99999999999997,
        278.2999999999999,
        306.1,
        336.7,
        370.41729999999995,
        407.4590299999999,
        448.20493300000004,
        493.0254263000001,
        542.32796893
      ],
      "Hospital Indemnity": [
        19.1,
        20.1,
        21.1,
        22.1,
        23.2,
        24.40853390538281,
        25.628960600651958,
        26.910408630684554,
        28.255929062218783,
        29.668725515329726
      ]
    },
    "updSales": {
      "Medicare Supplement": [
        425.84,
        400,
        400,
        400,
        400,
        400,
        400,
        400,
        400,
        400
      ],
      "Preneed": [
        459.9999999999999,
        505.99999999999994,
        556.5999999999998,
        612.2,
        673.4,
        740.8345999999999,
        814.9180599999999,
        896.4098660000001,
        986.0508526000002,
        1084.65593786
      ],
      "Hospital Indemnity": [
        38.2,
        40.2,
        42.2,
        44.2,
        46.4,
        48.81706781076562,
        51.257921201303915,
        53.82081726136911,
        56.511858124437566,
        59.33745103065945
      ]
    },
    "claims": {
      "Medicare Supplement": 1.03,
      "Preneed": 1.04,
      "Hospital Indemnity": 1.05
    },
    "lapse": {
      "Medicare Supplement": 0.95,
      "Preneed": 0.9,
      "Hospital Indemnity": 1.1
    }
  },
  "ts_adj": {
    "G2": 3.4,
    "I2": 2.5,
    "c1Swap": {
      "2026": 2.925874200915314,
      "2027": 3.177526791985415,
      "2028": 3.3563515094353544,
      "2029": 3.4029335409428985,
      "2030": 3.6869481428406576,
      "2031": 4.152109786751128,
      "2032": 5.081321584228512,
      "2033": 6.099630946640693,
      "2034": 7.051583443329185,
      "2035": 8.122196495401731
    }
  }
}
